,Account,Id,Ref,Qty,filled,Type,Action,Aux,Lmt,TrailStop,AlgoStrategy,LimitOffset,RTH,TIF,,
NCTY,DU2321894,1802,,250,1.79769313486232E+308,LMT,SELL,0,6,1.79769313486232E+308,,1.79769313486232E+308,True,GTC,,
NCTY,DU2321894,1801,,250,1.79769313486232E+308,STP LMT,BUY,4,4.1,4,,1.79769313486232E+308,True,GTC,,
MOGU,DU2321894,1800,,392,1.79769313486232E+308,STP,SELL,2.2,0,2.2,,1.79769313486232E+308,False,GTC,,
MOGU,DU2321894,1799,,392,1.79769313486232E+308,LMT,SELL,0,3.48,1.79769313486232E+308,,1.79769313486232E+308,True,GTC,,
KERN,DU2321894,76,,112,1.79769313486232E+308,STP,SELL,3.35,0,3.35,,1.79769313486232E+308,False,GTC,,
FLL,DU2321894,-68,,259,1.79769313486232E+308,STP,SELL,3.6,0,3.6,,1.79769313486232E+308,False,GTC,,
KERN,DU2321894,-10,,112,1.79769313486232E+308,LMT,SELL,0,5.98,1.79769313486232E+308,,1.79769313486232E+308,True,GTC,,
FLL,DU2321894,1796,,259,1.79769313486232E+308,LMT,SELL,0,4.9,1.79769313486232E+308,,1.79769313486232E+308,True,GTC,,
KERN,DU2321894,-11,,112,1.79769313486232E+308,STP LMT,BUY,4.43,4.47,4.43,,1.79769313486232E+308,True,GTC,,
SOLO,DU2321894,-12,,61,1.79769313486232E+308,STP LMT,BUY,8.16,8.24,8.16,,1.79769313486232E+308,True,GTC,,
AQUA,DU2321894,-71,,38,1.79769313486232E+308,STP,SELL,26.5,0,26.5,,1.79769313486232E+308,False,GTC,,
AQUA,DU2321894,1787,,38,1.79769313486232E+308,LMT,SELL,0,29.5,1.79769313486232E+308,,1.79769313486232E+308,True,GTC,,
FOSL,DU2321894,1785,,111,1.79769313486232E+308,STP,BUY,9.72,0,9.72,,1.79769313486232E+308,False,GTC,,
FOSL,DU2321894,1784,,111,1.79769313486232E+308,LMT,BUY,0,9.1,1.79769313486232E+308,,1.79769313486232E+308,True,GTC,,
SUNW,DU2321894,-23,,94,1.79769313486232E+308,STP,SELL,4.8,0,4.8,,1.79769313486232E+308,False,GTC,,
SUNW,DU2321894,-24,,94,1.79769313486232E+308,LMT,SELL,0,8,1.79769313486232E+308,,1.79769313486232E+308,True,GTC,,
FNHC,DU2321894,-73,,166,1.79769313486232E+308,STP,SELL,5.5,0,5.5,,1.79769313486232E+308,False,GTC,,
FNHC,DU2321894,1780,,166,1.79769313486232E+308,LMT,SELL,0,7.48,1.79769313486232E+308,,1.79769313486232E+308,True,GTC,,
SOLO,DU2321894,-26,,61,1.79769313486232E+308,STP,SELL,5.8,0,5.8,,1.79769313486232E+308,False,GTC,,
SOLO,DU2321894,-27,,61,1.79769313486232E+308,LMT,SELL,0,13.6,1.79769313486232E+308,,1.79769313486232E+308,True,GTC,,
RKT,DU2321894,1778,,43,1.79769313486232E+308,STP,SELL,20.65,0,20.65,,1.79769313486232E+308,False,GTC,,
RKT,DU2321894,1777,,43,1.79769313486232E+308,LMT,SELL,0,25,1.79769313486232E+308,,1.79769313486232E+308,True,GTC,,
RKT,DU2321894,1776,,43,1.79769313486232E+308,STP LMT,BUY,23.07,23.2,23.07,,1.79769313486232E+308,True,GTC,,
CHNR,DU2321894,-33,,280,1.79769313486232E+308,STP,SELL,1.34,0,1.34,,1.79769313486232E+308,False,GTC,,
CHNR,DU2321894,-34,,280,1.79769313486232E+308,LMT,SELL,0,1.99,1.79769313486232E+308,,1.79769313486232E+308,True,GTC,,
ATHE,DU2321894,-36,,306,1.79769313486232E+308,LMT,SELL,0,3.58,1.79769313486232E+308,,1.79769313486232E+308,True,GTC,,
AHPI,DU2321894,-41,,84,1.79769313486232E+308,STP,SELL,4.75,0,4.75,,1.79769313486232E+308,False,GTC,,
AHPI,DU2321894,-42,,84,1.79769313486232E+308,LMT,SELL,0,7.4,1.79769313486232E+308,,1.79769313486232E+308,True,GTC,,
DTSS,DU2321894,-44,,219,1.79769313486232E+308,STP LMT,BUY,2.45,2.5,2.45,,1.79769313486232E+308,True,GTC,,
MFGP,DU2321894,1722,,1,1.79769313486232E+308,STP,SELL,5.5,0,5.5,,1.79769313486232E+308,False,GTC,,
ATHE,DU2321894,-77,,306,1.79769313486232E+308,STP,SELL,1.39,0,1.39,,1.79769313486232E+308,False,GTC,,
ENG,DU2321894,-55,,203,1.79769313486232E+308,STP,SELL,2.75,0,2.75,,1.79769313486232E+308,False,GTC,,
ENG,DU2321894,-56,,203,1.79769313486232E+308,LMT,SELL,0,4.32,1.79769313486232E+308,,1.79769313486232E+308,True,GTC,,
MFGP,DU2321894,1721,,1,1.79769313486232E+308,LMT,SELL,0,6.49,1.79769313486232E+308,,1.79769313486232E+308,True,GTC,,
DTSS,DU2321894,-75,,219,1.79769313486232E+308,STP,SELL,1.96,0,1.96,,1.79769313486232E+308,False,GTC,,
DTSS,DU2321894,-59,,219,1.79769313486232E+308,LMT,SELL,0,2.89,1.79769313486232E+308,,1.79769313486232E+308,True,GTC,,
MHLD,DU2321894,1826,,420,1.79769313486232E+308,LMT,SELL,0,3.95,1.79769313486232E+308,,1.79769313486232E+308,True,GTC,,
MHLD,DU2321894,1827,,420,1.79769313486232E+308,STP,SELL,2.06,0,2.06,,1.79769313486232E+308,False,GTC,,
MHLD,DU2321894,1825,,420,1.79769313486232E+308,STP LMT,BUY,2.38,2.43,2.38,,1.79769313486232E+308,False,GTC,,
VCNX,DU2321894,1824,,406,1.79769313486232E+308,STP,SELL,1.96,0,1.96,,1.79769313486232E+308,False,GTC,,
VCNX,DU2321894,1823,,406,1.79769313486232E+308,LMT,SELL,0,3.55,1.79769313486232E+308,,1.79769313486232E+308,True,GTC,,
VCNX,DU2321894,1822,,406,1.79769313486232E+308,STP LMT,BUY,2.46,2.51,2.46,,1.79769313486232E+308,False,GTC,,
WWR,DU2321894,1821,,155,1.79769313486232E+308,STP,SELL,5.14,0,5.14,,1.79769313486232E+308,False,GTC,,
WWR,DU2321894,1820,,155,1.79769313486232E+308,LMT,SELL,0,11.95,1.79769313486232E+308,,1.79769313486232E+308,True,GTC,,
COGT,DU2321894,1832,,71,1.79769313486232E+308,LMT,SELL,0,19.95,1.79769313486232E+308,,1.79769313486232E+308,True,GTC,,
COGT,DU2321894,1833,,71,1.79769313486232E+308,STP,SELL,11.16,0,11.16,,1.79769313486232E+308,False,GTC,,
COGT,DU2321894,1831,,71,1.79769313486232E+308,STP LMT,BUY,13.9,14.18,13.9,,1.79769313486232E+308,False,GTC,,
GCI,DU2321894,1830,,326,1.79769313486232E+308,STP,SELL,2.32,0,2.32,,1.79769313486232E+308,False,GTC,,
GCI,DU2321894,1829,,326,1.79769313486232E+308,LMT,SELL,0,5.45,1.79769313486232E+308,,1.79769313486232E+308,True,GTC,,
GCI,DU2321894,1828,,326,1.79769313486232E+308,STP LMT,BUY,3.06,3.12,3.06,,1.79769313486232E+308,False,GTC,,
BOXL,DU2321894,1811,,549,1.79769313486232E+308,LMT,SELL,0,2.45,1.79769313486232E+308,,1.79769313486232E+308,True,GTC,,
BOXL,DU2321894,1810,,549,1.79769313486232E+308,STP LMT,BUY,1.82,1.86,1.82,,1.79769313486232E+308,False,GTC,,
PBYI,DU2321894,1809,,81,1.79769313486232E+308,STP,SELL,10.86,0,10.86,,1.79769313486232E+308,False,GTC,,
PBYI,DU2321894,1808,,81,1.79769313486232E+308,LMT,SELL,0,17.95,1.79769313486232E+308,,1.79769313486232E+308,True,GTC,,
PBYI,DU2321894,1807,,81,1.79769313486232E+308,STP LMT,BUY,12.22,12.46,12.22,,1.79769313486232E+308,False,GTC,,
CKPT,DU2321894,1806,,337,1.79769313486232E+308,STP,SELL,2.54,0,2.54,,1.79769313486232E+308,False,GTC,,
CKPT,DU2321894,1805,,337,1.79769313486232E+308,LMT,SELL,0,3.79,1.79769313486232E+308,,1.79769313486232E+308,True,GTC,,
CKPT,DU2321894,1804,,337,1.79769313486232E+308,STP LMT,BUY,2.96,3.02,2.96,,1.79769313486232E+308,False,GTC,,
WWR,DU2321894,1819,,155,1.79769313486232E+308,STP LMT,BUY,6.42,6.55,6.42,,1.79769313486232E+308,False,GTC,,
GNLN,DU2321894,1818,,210,1.79769313486232E+308,STP,SELL,3.91,0,3.91,,1.79769313486232E+308,False,GTC,,
GNLN,DU2321894,1817,,210,1.79769313486232E+308,LMT,SELL,0,6.97,1.79769313486232E+308,,1.79769313486232E+308,True,GTC,,
GNLN,DU2321894,1816,,210,1.79769313486232E+308,STP LMT,BUY,4.76,4.86,4.76,,1.79769313486232E+308,False,GTC,,
MYO,DU2321894,1815,,127,1.79769313486232E+308,STP,SELL,6.7,0,6.7,,1.79769313486232E+308,False,GTC,,
MYO,DU2321894,1814,,127,1.79769313486232E+308,LMT,SELL,0,12.05,1.79769313486232E+308,,1.79769313486232E+308,True,GTC,,
MYO,DU2321894,1813,,127,1.79769313486232E+308,STP LMT,BUY,7.86,8.02,7.86,,1.79769313486232E+308,False,GTC,,
BOXL,DU2321894,1812,,549,1.79769313486232E+308,STP,SELL,1.59,0,1.59,,1.79769313486232E+308,False,GTC,,
NCTY,DU2321894,1803,,250,1.79769313486232E+308,STP,SELL,2.75,0,2.75,,1.79769313486232E+308,False,GTC,,
