CompletedStatus,Algo,Account,OrderId,OrderRef,LocalSymbol,Symbol,Exchange,TotalQuantity,OrderType,Action,Algo,Aux,Lmt,OutsideRth,Tif,Conditions
,,DU2321894,-6,,LMNL,LMNL,SMART,100,LMT,SELL,,0,9.25,True,GTC
,,DU2321894,1802,,NCTY,NCTY,SMART,250,LMT,SELL,,0,6,True,GTC
,,DU2321894,80,,LMNL,LMNL,SMART,100,STP LMT,BUY,,5,5.05,True,GTC
,,DU2321894,1801,,NCTY,NCTY,SMART,250,STP LMT,BUY,,4,4.1,True,GTC
,,DU2321894,1800,,MOGU,MOGU,SMART,392,STP,SELL,,2.2,0,False,GTC
,,DU2321894,1799,,MOGU,MOGU,SMART,392,LMT,SELL,,0,3.48,True,GTC
,,DU2321894,1798,,MOGU,MOGU,SMART,392,STP LMT,BUY,,2.48,2.55,True,GTC
,,DU2321894,76,,KERN,KERN,SMART,112,STP,SELL,,3.35,0,False,GTC
,,DU2321894,1797,,FLL,FLL,SMART,259,STP,SELL,,3.4,0,False,GTC
,,DU2321894,-10,,KERN,KERN,SMART,112,LMT,SELL,,0,5.98,True,GTC
,,DU2321894,1796,,FLL,FLL,SMART,259,LMT,SELL,,0,4.9,True,GTC
,,DU2321894,-11,,KERN,KERN,SMART,112,STP LMT,BUY,,4.43,4.47,True,GTC
,,DU2321894,1795,,FLL,FLL,SMART,259,STP LMT,BUY,,3.85,3.92,True,GTC
,,DU2321894,-12,,SOLO,SOLO,SMART,61,STP LMT,BUY,,8.16,8.24,True,GTC
,,DU2321894,1794,,DOYU,DOYU,SMART,79,STP,SELL,,11,0,False,GTC
,,DU2321894,1793,,DOYU,DOYU,SMART,79,LMT,SELL,,0,14.85,True,GTC
,,DU2321894,1792,,DOYU,DOYU,SMART,79,STP LMT,BUY,,12.55,12.65,True,GTC
,,DU2321894,1791,,BNED,BNED,SMART,229,STP,SELL,,3.3,0,False,GTC
,,DU2321894,1790,,BNED,BNED,SMART,229,LMT,SELL,,0,5.7,True,GTC
,,DU2321894,1789,,BNED,BNED,SMART,229,STP LMT,BUY,,4.35,4.45,True,GTC
,,DU2321894,1788,,AQUA,AQUA,SMART,38,STP,SELL,,22.5,0,False,GTC
,,DU2321894,-19,,LMNL,LMNL,SMART,100,STP,SELL,,3.75,0,False,GTC
,,DU2321894,1787,,AQUA,AQUA,SMART,38,LMT,SELL,,0,29.5,True,GTC
,,DU2321894,1786,,AQUA,AQUA,SMART,38,STP LMT,BUY,,26,26.1,True,GTC
,,DU2321894,1785,,FOSL,FOSL,SMART,111,STP,BUY,,10,0,False,GTC
,,DU2321894,1784,,FOSL,FOSL,SMART,111,LMT,BUY,,0,7.51,True,GTC
,,DU2321894,-23,,SUNW,SUNW,SMART,94,STP,SELL,,3.77,0,False,GTC
,,DU2321894,1783,,FOSL,FOSL,SMART,111,STP LMT,SELL,,9.17,8.9,True,GTC
,,DU2321894,-24,,SUNW,SUNW,SMART,94,LMT,SELL,,0,8,True,GTC
,,DU2321894,1782,,AKBA,AKBA,SMART,250,STP,SELL,,3.5,0,False,GTC
,,DU2321894,-25,,SUNW,SUNW,SMART,94,STP LMT,BUY,,5.3,5.35,True,GTC
,,DU2321894,1781,,FNHC,FNHC,SMART,166,STP,SELL,,5,0,False,GTC
,,DU2321894,-26,,SOLO,SOLO,SMART,61,STP,SELL,,5.8,0,False,GTC
,,DU2321894,1780,,FNHC,FNHC,SMART,166,LMT,SELL,,0,7.48,True,GTC
,,DU2321894,-27,,SOLO,SOLO,SMART,61,LMT,SELL,,0,13.6,True,GTC
,,DU2321894,1779,,FNHC,FNHC,SMART,166,STP LMT,BUY,,6,6.07,True,GTC
,,DU2321894,1778,,RKT,RKT,SMART,43,STP,SELL,,20.65,0,False,GTC
,,DU2321894,1777,,RKT,RKT,SMART,43,LMT,SELL,,0,25,True,GTC
,,DU2321894,1776,,RKT,RKT,SMART,43,STP LMT,BUY,,23.07,23.2,True,GTC
,,DU2321894,1775,,ABUS,ABUS,SMART,185,STP,SELL,,4.3,0,False,GTC
,,DU2321894,1774,,AHT,AHT,SMART,222,STP,SELL,,3.28,0,False,GTC
,,DU2321894,-33,,CHNR,CHNR,SMART,280,STP,SELL,,1.34,0,False,GTC
,,DU2321894,1773,,AHT,AHT,SMART,222,LMT,SELL,,0,9.48,True,GTC
,,DU2321894,-34,,CHNR,CHNR,SMART,280,LMT,SELL,,0,1.99,True,GTC
,,DU2321894,1772,,AHT,AHT,SMART,222,STP LMT,BUY,,4.5,4.55,True,GTC
,,DU2321894,-35,,CHNR,CHNR,SMART,280,STP LMT,BUY,,1.75,1.7,True,GTC
,,DU2321894,1771,,ABUS,ABUS,SMART,185,LMT,SELL,,0,7.48,True,GTC
,,DU2321894,1770,,ABUS,ABUS,SMART,185,STP LMT,BUY,,5.38,5.45,True,GTC
,,DU2321894,1769,,AKBA,AKBA,SMART,250,LMT,SELL,,0,5.48,True,GTC
,,DU2321894,1768,,AKBA,AKBA,SMART,250,STP LMT,BUY,,4,4.05,True,GTC
,,DU2321894,1767,,AKBA,AKBA,SMART,305,STP,SELL,,3,0,False,GTC
,,DU2321894,1766,,AKBA,AKBA,SMART,305,LMT,SELL,,0,3.85,True,GTC
,,DU2321894,1765,,AKBA,AKBA,SMART,305,STP LMT,BUY,,3.27,3.3,True,GTC
,,DU2321894,-36,,ATHE,ATHE,SMART,306,LMT,SELL,,0,3.58,True,GTC
,,DU2321894,-37,,ATHE,ATHE,SMART,306,STP LMT,BUY,,1.63,1.65,True,GTC
,,DU2321894,-38,,AREC,AREC,SMART,246,STP,SELL,,1.6,0,False,GTC
,,DU2321894,-39,,AREC,AREC,SMART,246,LMT,SELL,,0,2.43,True,GTC
,,DU2321894,-41,,AHPI,AHPI,SMART,84,STP,SELL,,4.63,0,False,GTC
,,DU2321894,-42,,AHPI,AHPI,SMART,84,LMT,SELL,,0,8.13,True,GTC
,,DU2321894,-43,,AHPI,AHPI,SMART,84,STP LMT,BUY,,5.91,5.97,True,GTC
,,DU2321894,-44,,DTSS,DTSS,SMART,219,STP LMT,BUY,,2.45,2.5,True,GTC
,,DU2321894,-45,,BNGO,BNGO,SMART,769,STP,SELL,,0.48,0,False,GTC
,,DU2321894,-46,,BNGO,BNGO,SMART,769,LMT,SELL,,0,0.98,True,GTC
,,DU2321894,1722,,MFGP,MFGP,SMART,1,STP,SELL,,5.5,0,False,GTC
,,DU2321894,-47,,BNGO,BNGO,SMART,769,STP LMT,BUY,,0.57,0.58,True,GTC
,,DU2321894,-48,,BIMI,BIMI,SMART,229,STP,SELL,,1.75,0,False,GTC
,,DU2321894,-49,,BIMI,BIMI,SMART,229,LMT,SELL,,0,3.48,True,GTC
,,DU2321894,-50,,BIMI,BIMI,SMART,229,STP LMT,BUY,,2.18,2.2,True,GTC
,,DU2321894,-51,,ATHE,ATHE,SMART,306,STP,SELL,,1.36,0,False,GTC
,,DU2321894,-55,,ENG,ENG,SMART,203,STP,SELL,,1.5,0,False,GTC
,,DU2321894,-56,,ENG,ENG,SMART,203,LMT,SELL,,0,4.32,True,GTC
,,DU2321894,-57,,ENG,ENG,SMART,203,STP LMT,BUY,,2.01,2.05,True,GTC
,,DU2321894,1721,,MFGP,MFGP,SMART,1,LMT,SELL,,0,6.49,True,GTC
,,DU2321894,-58,,DTSS,DTSS,SMART,219,STP,SELL,,1.93,0,False,GTC
,,DU2321894,-59,,DTSS,DTSS,SMART,219,LMT,SELL,,0,2.89,True,GTC
,,DU2321894,1803,,NCTY,NCTY,SMART,250,STP,SELL,,2.75,0,False,GTC
