COLUMN,0,,
DES,CCI,STK,SMART/AMEX
DES,VZ,STK,SMART/AMEX
DES,T,STK,SMART/AMEX
DES,AMGN,STK,SMART/AMEX
DES,GILD,STK,SMART/AMEX
DES,ILMN,STK,SMART/AMEX
DES,BMRN,STK,SMART/AMEX
DES,VRTX,STK,SMART/AMEX
DES,QGEN,STK,SMART/AMEX
DES,ALXN,STK,SMART/AMEX
DES,PFE,STK,SMART/AMEX
DES,BMY,STK,SMART/AMEX
DES,JNJ,STK,SMART/AMEX
DES,MRK,STK,SMART/AMEX
DES,ABT,STK,SMART/AMEX
DES,LLY,STK,SMART/AMEX
DES,MDT,STK,SMART/AMEX
DES,BAX,STK,SMART/AMEX
DES,ARNA,STK,SMART/AMEX
DES,UNH,STK,SMART/AMEX
DES,HUM,STK,SMART/AMEX
DES,CI,STK,SMART/AMEX
DES,DGX,STK,SMART/AMEX
DES,ALL,STK,SMART/AMEX
DES,PGR,STK,SMART/AMEX
DES,TRV,STK,SMART/AMEX
DES,CB,STK,SMART/AMEX
DES,FNF,STK,SMART/AMEX
DES,WRB,STK,SMART/AMEX
DES,PFG,STK,SMART/AMEX
DES,AFL,STK,SMART/AMEX
DES,UNM,STK,SMART/AMEX
DES,LNC,STK,SMART/AMEX
DES,MFC,STK,SMART/AMEX
DES,MET,STK,SMART/AMEX
DES,XOM,STK,SMART/AMEX
DES,CVX,STK,SMART/AMEX
DES,COP,STK,SMART/AMEX
DES,OXY,STK,SMART/AMEX
DES,SLB,STK,SMART/AMEX
DES,DVN,STK,SMART/AMEX
DES,APA,STK,SMART/AMEX
DES,RIG,STK,SMART/AMEX
DES,EOG,STK,SMART/AMEX
DES,HES,STK,SMART/AMEX
DES,MRO,STK,SMART/AMEX
DES,HAL,STK,SMART/AMEX
DES,NOV,STK,SMART/AMEX
DES,WMB,STK,SMART/AMEX
DES,VLO,STK,SMART/AMEX
DES,SWN,STK,SMART/AMEX
DES,NBL,STK,SMART/AMEX
DES,NBR,STK,SMART/AMEX
DES,DD,STK,SMART/AMEX
DES,DOW,STK,SMART/AMEX
DES,LYB,STK,SMART/AMEX
DES,WLK,STK,SMART/AMEX
DES,APD,STK,SMART/AMEX
DES,FCX,STK,SMART/AMEX
DES,NEM,STK,SMART/AMEX
DES,FMC,STK,SMART/AMEX
DES,NUE,STK,SMART/AMEX
DES,PPG,STK,SMART/AMEX
DES,WY,STK,SMART/AMEX
DES,IP,STK,SMART/AMEX
DES,ATI,STK,SMART/AMEX
DES,AA,STK,SMART/AMEX
DES,DHI,STK,SMART/AMEX
DES,LEN,STK,SMART/AMEX
DES,PHM,STK,SMART/AMEX
DES,KBH,STK,SMART/AMEX
DES,TOL,STK,SMART/AMEX
DES,HD,STK,SMART/AMEX
DES,LOW,STK,SMART/AMEX
DES,MDC,STK,SMART/AMEX
DES,SHW,STK,SMART/AMEX
DES,MHK,STK,SMART/AMEX
DES,LEG,STK,SMART/AMEX
DES,SPG,STK,SMART/AMEX
DES,EQR,STK,SMART/AMEX
DES,VNO,STK,SMART/AMEX
DES,NLY,STK,SMART/AMEX
DES,BXP,STK,SMART/AMEX
DES,VTR,STK,SMART/AMEX
DES,PSA,STK,SMART/AMEX
DES,SLG,STK,SMART/AMEX
DES,AVB,STK,SMART/AMEX
DES,DUK,STK,SMART/AMEX
DES,ED,STK,SMART/AMEX
DES,SO,STK,SMART/AMEX
DES,CNP,STK,SMART/AMEX
DES,EXC,STK,SMART/AMEX
DES,ETR,STK,SMART/AMEX
DES,PEG,STK,SMART/AMEX
DES,AEP,STK,SMART/AMEX
DES,XEL,STK,SMART/AMEX
DES,EIX,STK,SMART/AMEX
DES,PPL,STK,SMART/AMEX
DES,PCG,STK,SMART/AMEX
DES,FE,STK,SMART/AMEX
DES,BA,STK,SMART/AMEX
DES,LMT,STK,SMART/AMEX
DES,GD,STK,SMART/AMEX
DES,NOC,STK,SMART/AMEX
DES,FLIR,STK,SMART/AMEX
DES,AEM,STK,SMART/AMEX
DES,AU,STK,SMART/AMEX
DES,IAG,STK,SMART/AMEX
DES,EGO,STK,SMART/AMEX
DES,GOLD,STK,SMART/AMEX
DES,AUY,STK,SMART/AMEX
DES,KGC,STK,SMART/AMEX
DES,GFI,STK,SMART/AMEX
DES,HMY,STK,SMART/AMEX
DES,PAAS,STK,SMART/AMEX
DES,BVN,STK,SMART/AMEX
DES,FB,STK,SMART/AMEX
DES,TWTR,STK,SMART/AMEX
DES,WB,STK,SMART/AMEX
DES,SINA,STK,SMART/AMEX
DES,YELP,STK,SMART/AMEX
DES,BTU,STK,SMART/AMEX
DES,CIF,STK,SMART/AMEX
DES,EDU,STK,SMART/AMEX
DES,LRN,STK,SMART/AMEX
DES,STRA,STK,SMART/AMEX
DES,LOPE,STK,SMART/AMEX
DES,APEI,STK,SMART/AMEX
DES,DAL,STK,SMART/AMEX
DES,UNP,STK,SMART/AMEX
DES,AAL,STK,SMART/AMEX
DES,FDX,STK,SMART/AMEX
DES,UPS,STK,SMART/AMEX
DES,EXPD,STK,SMART/AMEX
DES,CHRW,STK,SMART/AMEX
DES,UAL,STK,SMART/AMEX
DES,LUV,STK,SMART/AMEX
DES,JBLU,STK,SMART/AMEX
DES,WERN,STK,SMART/AMEX
DES,LSTR,STK,SMART/AMEX
DES,CSX,STK,SMART/AMEX
DES,JBHT,STK,SMART/AMEX
DES,NSC,STK,SMART/AMEX
DES,AMZN,STK,SMART/AMEX
DES,SHOP,STK,SMART/AMEX
DES,NFLX,STK,SMART/AMEX
DES,IBM,STK,SMART/AMEX
DES,VRSN,STK,SMART/AMEX
DES,FFIV,STK,SMART/AMEX
DES,SOHU,STK,SMART/AMEX
DES,EBAY,STK,SMART/AMEX
DES,EXPE,STK,SMART/AMEX
DES,JNPR,STK,SMART/AMEX
DES,AKAM,STK,SMART/AMEX
DES,BIDU,STK,SMART/AMEX
DES,MSFT,STK,SMART/AMEX
DES,INTU,STK,SMART/AMEX
DES,ORCL,STK,SMART/AMEX
DES,ADBE,STK,SMART/AMEX
DES,CRM,STK,SMART/AMEX
DES,CTSH,STK,SMART/AMEX
DES,CHKP,STK,SMART/AMEX
DES,NTAP,STK,SMART/AMEX
DES,CTXS,STK,SMART/AMEX
DES,NUAN,STK,SMART/AMEX
DES,INTC,STK,SMART/AMEX
DES,TXN,STK,SMART/AMEX
DES,ALTR,STK,SMART/AMEX
DES,XLNX,STK,SMART/AMEX
DES,ADI,STK,SMART/AMEX
DES,MCHP,STK,SMART/AMEX
DES,MXIM,STK,SMART/AMEX
DES,KLAC,STK,SMART/AMEX
DES,AMAT,STK,SMART/AMEX
DES,AXP,STK,SMART/AMEX
DES,BAC,STK,SMART/AMEX
DES,MA,STK,SMART/AMEX
DES,C,STK,SMART/AMEX
DES,JPM,STK,SMART/AMEX
DES,WFC,STK,SMART/AMEX
DES,USB,STK,SMART/AMEX
DES,MS,STK,SMART/AMEX
DES,STT,STK,SMART/AMEX
DES,BK,STK,SMART/AMEX
DES,PNC,STK,SMART/AMEX
DES,MTB,STK,SMART/AMEX
DES,FITB,STK,SMART/AMEX
DES,V,STK,SMART/AMEX
DES,GS,STK,SMART/AMEX
DES,DFS,STK,SMART/AMEX
DES,AMTD,STK,SMART/AMEX
DES,SCHW,STK,SMART/AMEX
DES,ETFC,STK,SMART/AMEX
DES,URBN,STK,SMART/AMEX
DES,AEO,STK,SMART/AMEX
DES,ANF,STK,SMART/AMEX
DES,FL,STK,SMART/AMEX
DES,DKS,STK,SMART/AMEX
DES,DLTR,STK,SMART/AMEX
DES,DG,STK,SMART/AMEX
DES,KSS,STK,SMART/AMEX
DES,M,STK,SMART/AMEX
DES,GPS,STK,SMART/AMEX
DES,JWN,STK,SMART/AMEX
DES,CVS,STK,SMART/AMEX
DES,GME,STK,SMART/AMEX
DES,BBBY,STK,SMART/AMEX
DES,BBY,STK,SMART/AMEX
DES,BIG,STK,SMART/AMEX
DES,ROST,STK,SMART/AMEX
DES,TJX,STK,SMART/AMEX
DES,COST,STK,SMART/AMEX
DES,TGT,STK,SMART/AMEX
DES,WMT,STK,SMART/AMEX
DES,LLNW,STK,SMART/AMEX
DES,NKE,STK,SMART/AMEX
DES,PINS,STK,SMART/AMEX
DES,MGM,STK,SMART/AMEX
DES,MCD,STK,SMART/AMEX
DES,CCL,STK,SMART/AMEX
DES,LYV,STK,SMART/AMEX
DES,WKHS,STK,SMART/AMEX
DES,DDOG,STK,SMART/AMEX
DES,KR,STK,SMART/AMEX
DES,WDC,STK,SMART/AMEX
DES,SIX,STK,SMART/AMEX
DES,SNAP,STK,SMART/AMEX
DES,ICE,STK,SMART/AMEX
DES,MAS,STK,SMART/AMEX
DES,AGNC,STK,SMART/AMEX
DES,ERIC,STK,SMART/AMEX
DES,NOK,STK,SMART/AMEX
DES,DELL,STK,SMART/AMEX
DES,PTON,STK,SMART/AMEX
DES,CLDR,STK,SMART/AMEX
DES,AXAS,STK,SMART/AMEX
DES,BIOC,STK,SMART/AMEX
DES,BORR,STK,SMART/AMEX
DES,BOXL,STK,SMART/AMEX
DES,BTE,STK,SMART/AMEX
DES,CDEV,STK,SMART/AMEX
DES,CETX,STK,SMART/AMEX
DES,CHFS,STK,SMART/AMEX
DES,DGLY,STK,SMART/AMEX
DES,DS,STK,SMART/AMEX
DES,FCEL,STK,SMART/AMEX
DES,GCI,STK,SMART/AMEX
DES,CPE,STK,SMART/AMEX
DES,ACST,STK,SMART/AMEX
DES,ADMS,STK,SMART/AMEX
DES,CIDM,STK,SMART/AMEX
DES,FRSX,STK,SMART/AMEX
DES,GNUS,STK,SMART/AMEX
DES,TTOO,STK,SMART/AMEX
DES,PG,STK,SMART/AMEX
DES,ZM,STK,SMART/AMEX
DES,GNW,STK,SMART/AMEX
DES,MNLO,STK,SMART/AMEX
DES,SFIX,STK,SMART/AMEX
DES,UBER,STK,SMART/AMEX
DES,UXIN,STK,SMART/AMEX
DES,IRM,STK,SMART/AMEX
DES,TLT,STK,SMART/AMEX
DES,AAPL,STK,SMART/AMEX
DES,AMD,STK,SMART/AMEX
DES,TSLA,STK,SMART/AMEX
DES,NOW,STK,SMART/AMEX
DES,LITE,STK,SMART/AMEX
DES,BYND,STK,SMART/AMEX
DES,MRNA,STK,SMART/AMEX
DES,NVDA,STK,SMART/AMEX
DES,DOCU,STK,SMART/AMEX
DES,F,STK,SMART/AMEX
DES,GE,STK,SMART/AMEX
DES,DIS,STK,SMART/AMEX
DES,GOOGL,STK,SMART/AMEX
DES,KO,STK,SMART/AMEX
DES,BSX,STK,SMART/AMEX
DES,PENN,STK,SMART/AMEX
DES,PVAC,STK,SMART/AMEX
DES,IDEX,STK,SMART/AMEX
DES,CMLS,STK,SMART/AMEX
DES,HPE,STK,SMART/AMEX
DES,SAVE,STK,SMART/AMEX
DES,WORK,STK,SMART/AMEX
DES,INO,STK,SMART/AMEX
DES,CRON,STK,SMART/AMEX
DES,BABA,STK,SMART/AMEX
DES,SHIP,STK,SMART/AMEX
DES,PEP,STK,SMART/AMEX
DES,PYPL,STK,SMART/AMEX
DES,TMO,STK,SMART/AMEX
DES,TWLO,STK,SMART/AMEX
DES,ACN,STK,SMART/AMEX
DES,NEE,STK,SMART/AMEX
DES,AVGO,STK,SMART/AMEX
DES,AMT,STK,SMART/AMEX
DES,PM,STK,SMART/AMEX
DES,LIN,STK,SMART/AMEX
DES,BILI,STK,SMART/AMEX
DES,NIO,STK,SMART/AMEX
DES,HON,STK,SMART/AMEX
DES,DHR,STK,SMART/AMEX
DES,RTX,STK,SMART/AMEX
DES,QCOM,STK,SMART/AMEX
DES,SBUX,STK,SMART/AMEX
DES,MMM,STK,SMART/AMEX
DES,CHTR,STK,SMART/AMEX
DES,FIS,STK,SMART/AMEX
DES,BLK,STK,SMART/AMEX
DES,SPGI,STK,SMART/AMEX
DES,MO,STK,SMART/AMEX
DES,MDLZ,STK,SMART/AMEX
DES,ANTM,STK,SMART/AMEX
DES,BKNG,STK,SMART/AMEX
DES,PLD,STK,SMART/AMEX
DES,BDX,STK,SMART/AMEX
DES,D,STK,SMART/AMEX
DES,CAT,STK,SMART/AMEX
DES,ZTS,STK,SMART/AMEX
DES,CME,STK,SMART/AMEX
DES,ISRG,STK,SMART/AMEX
DES,ADP,STK,SMART/AMEX
DES,SYK,STK,SMART/AMEX
DES,FISV,STK,SMART/AMEX
DES,CL,STK,SMART/AMEX
DES,REGN,STK,SMART/AMEX
DES,SMH,STK,SMART/AMEX
DES,PFF,STK,SMART/AMEX
DES,ACWI,STK,SMART/AMEX
DES,EMB,STK,SMART/AMEX
DES,VCIT,STK,SMART/AMEX
DES,IEF,STK,SMART/AMEX
DES,SHY,STK,SMART/AMEX
DES,ACOR,STK,SMART/AMEX
DES,SDC,STK,SMART/AMEX
DES,WVE,STK,SMART/AMEX
DES,FTCH,STK,SMART/AMEX
DES,CGC,STK,SMART/AMEX
DES,ITHUF,STK,SMART/AMEX
DES,SNDL,STK,SMART/AMEX
DES,CDW,STK,SMART/AMEX
DES,PBCT,STK,SMART/AMEX
DES,JMIA,STK,SMART/AMEX
DES,DISH,STK,SMART/AMEX
DES,CUBE,STK,SMART/AMEX
DES,ADPT,STK,SMART/AMEX
DES,WU,STK,SMART/AMEX
DES,TEVA,STK,SMART/AMEX
DES,OPGN,STK,SMART/AMEX
DES,MNK,STK,SMART/AMEX
DES,CRWD,STK,SMART/AMEX
DES,IHC,STK,SMART/AMEX
DES,SALT,STK,SMART/AMEX
DES,CRSP,STK,SMART/AMEX
DES,PS,STK,SMART/AMEX
DES,TIGR,STK,SMART/AMEX
DES,HOME,STK,SMART/AMEX
DES,UFPI,STK,SMART/AMEX
DES,NBEV,STK,SMART/AMEX
DES,AVTR,STK,SMART/AMEX
DES,CIM,STK,SMART/AMEX
DES,ZAGG,STK,SMART/AMEX
DES,MBIO,STK,SMART/AMEX
DES,NVAX,STK,SMART/AMEX
DES,ANAB,STK,SMART/AMEX
DES,EQT,STK,SMART/AMEX
DES,GRPN,STK,SMART/AMEX
DES,APRN,STK,SMART/AMEX
DES,PLNT,STK,SMART/AMEX
DES,MIST,STK,SMART/AMEX
DES,TLRY,STK,SMART/AMEX
DES,CLB,STK,SMART/AMEX
DES,SAGE,STK,SMART/AMEX
DES,VXRT,STK,SMART/AMEX
DES,NNBR,STK,SMART/AMEX
DES,SIG,STK,SMART/AMEX
DES,VLRS,STK,SMART/AMEX
DES,MRSN,STK,SMART/AMEX
DES,KLXE,STK,SMART/AMEX
DES,TUP,STK,SMART/AMEX
DES,TSN,STK,SMART/AMEX
DES,VMC,STK,SMART/AMEX
DES,MOS,STK,SMART/AMEX
DES,FNKO,STK,SMART/AMEX
DES,CINF,STK,SMART/AMEX
DES,FGEN,STK,SMART/AMEX
DES,VIR,STK,SMART/AMEX
DES,BNTX,STK,SMART/AMEX
DES,ENLV,STK,SMART/AMEX
DES,IBIO,STK,SMART/AMEX
DES,XNET,STK,SMART/AMEX
DES,OPK,STK,SMART/AMEX
DES,PTE,STK,SMART/AMEX
DES,FLDM,STK,SMART/AMEX
DES,CTIC,STK,SMART/AMEX
DES,INSG,STK,SMART/AMEX
DES,SNES,STK,SMART/AMEX
DES,NOVN,STK,SMART/AMEX
DES,INFN,STK,SMART/AMEX
DES,PSTI,STK,SMART/AMEX
DES,LEVI,STK,SMART/AMEX
DES,GRUB,STK,SMART/AMEX
DES,BGNE,STK,SMART/AMEX
DES,OSTK,STK,SMART/AMEX
DES,XP,STK,SMART/AMEX
DES,BMRA,STK,SMART/AMEX
DES,RPRX,STK,SMART/AMEX
DES,BLDR,STK,SMART/AMEX
DES,HLF,STK,SMART/AMEX
DES,PLUG,STK,SMART/AMEX
